phi_rad,mu_weight,sigma_static,sigma_dynamic
0,-0.851996903763149,0.0623312248469862,0.0461260054221366
0.00628947478196155,-0.839594445537122,0.0794032267782772,0.0478067226910878
0.0125789495639231,-0.838748565712547,0.0925382229197502,0.04783582494905
0.0188684243458846,-0.838179900188311,0.100951885888275,0.0470524681944745
0.0251578991278462,-0.848643509464807,0.0601490822144301,0.0456041863417702
0.0314473739098077,-0.827196885404777,0.081490003464209,0.0465406271136383
0.0377368486917693,-0.831305525632813,0.0739220282022701,0.0470170703866542
0.0440263234737308,-0.842637578276025,0.0695422984611183,0.0478619295170351
0.0503157982556924,-0.850079815008934,0.0688993733237612,0.0497014983008079
0.0566052730376539,-0.847121583480238,0.0640483516656293,0.0474876883357754
0.0628947478196155,-0.847181913495273,0.0791983251463609,0.049098752052026
0.069184222601577,-0.837324594241699,0.0686762271789332,0.0491043147411968
0.0754736973835386,-0.828672342308877,0.0746222969908974,0.0511533859164787
0.0817631721655001,-0.836971080493095,0.07081010951326,0.047316070228535
0.0880526469474617,-0.838760862501888,0.0611672111779751,0.0490632899387448
0.0943421217294232,-0.854507438014088,0.0661248242295574,0.0472287480229289
0.100631596511385,-0.830971819706233,0.0839951070841856,0.0489936481306817
0.106921071293346,-0.840455173300982,0.0669628192948044,0.0519302754310209
0.113210546075308,-0.841556589997258,0.0674705698961203,0.0512813233616592
0.119500020857269,-0.848828921246525,0.0691606763785542,0.0539461047985401
0.125789495639231,-0.824473446458561,0.0845861817794116,0.0525749373394056
0.132078970421193,-0.822691767020339,0.08525839504399,0.056363389645137
0.138368445203154,-0.816603579132636,0.0939794545797109,0.0535384322368596
0.144657919985116,-0.847110459875832,0.0689412077692253,0.054028829792099
0.150947394767077,-0.836203550920841,0.0688737874438633,0.0555123488559004
0.157236869549039,-0.830864148036339,0.069760023004302,0.0533262291000874
0.163526344331,-0.831229131124434,0.0718348790540114,0.0544370266477301
0.169815819112962,-0.832294449009015,0.0721062212990742,0.0546635968240315
0.176105293894923,-0.826841725825089,0.077333755159061,0.0526036799286909
0.182394768676885,-0.8433270170915,0.062122963156756,0.0550420672010335
0.188684243458846,-0.838805037066671,0.0707258653130479,0.0587899088633263
0.194973718240808,-0.823578589215133,0.0970537943515475,0.0582614081924699
0.20126319302277,-0.825943584136662,0.0880006126159509,0.0607829304112388
0.207552667804731,-0.808364327299399,0.0917042938566396,0.0591444015569721
0.213842142586693,-0.836831913130656,0.06281148228639,0.0607975025054436
0.220131617368654,-0.81221434483567,0.0945591818860644,0.0569482662457982
0.226421092150616,-0.823634474328744,0.0765541234183471,0.060181359354146
0.232710566932577,-0.821961133110921,0.0793703670289952,0.0647589559325335
0.239000041714539,-0.808859497904487,0.0802524416592506,0.0657282282520719
0.2452895164965,-0.814712023600357,0.0927489836801987,0.0631961552918489
0.251578991278462,-0.821918020622259,0.0692080723200735,0.0675304840610131
0.257868466060423,-0.804374170039521,0.096184223640448,0.064395697605851
0.264157940842385,-0.808804469243443,0.0774067378519586,0.0709819307695745
0.270447415624347,-0.823284866653889,0.093942274300472,0.0675117863747061
0.276736890406308,-0.804801375132293,0.0842996065986491,0.0694086261290295
0.28302636518827,-0.821727845504916,0.074651341146653,0.0681851057526981
0.289315839970231,-0.809291850243799,0.0723599633706572,0.0767768872736732
0.295605314752193,-0.802465351180153,0.0694795337755652,0.0730158367628317
0.301894789534154,-0.798381043694031,0.0817681933734447,0.0749768071849615
0.308184264316116,-0.802107205455128,0.0805522489055005,0.0749993707111124
0.314473739098077,-0.795125971051384,0.0974659373178554,0.0767943273478724
0.320763213880039,-0.796561976000619,0.081370761945629,0.0787279517781784
0.327052688662,-0.792803422479614,0.0875894801847114,0.0761737916315582
0.333342163443962,-0.795120827456832,0.088201124462645,0.0775891372080664
0.339631638225924,-0.797205904053095,0.0808244455471765,0.0791303406095318
0.345921113007885,-0.802747118434273,0.0881727539470298,0.0745926190148915
0.352210587789847,-0.791380169375414,0.0743703027240795,0.087824749429251
0.358500062571808,-0.797466624288554,0.0932961053258924,0.0806930077046991
0.36478953735377,-0.793179434589443,0.0797440904206596,0.0836055303332098
0.371079012135731,-0.792814853046131,0.0942817143139726,0.0817088212110318
0.377368486917693,-0.794516327999319,0.0770320939134058,0.082711068904682
0.383657961699654,-0.783233104081165,0.0818832374736578,0.0888107398906869
0.389947436481616,-0.796918816559351,0.0806039549058859,0.0834135801602134
0.396236911263578,-0.78009273959524,0.0974108156383867,0.0853675369532096
0.402526386045539,-0.778554710647527,0.0783746313236089,0.0850987824352051
0.408815860827501,-0.792053749900995,0.085983337658785,0.0875624047557962
0.415105335609462,-0.774231991212278,0.0996169897424702,0.0898585404542848
0.421394810391424,-0.771823800522776,0.0772043729542159,0.0930346831320817
0.427684285173385,-0.766194359900246,0.0849541431696013,0.0968283206676218
0.433973759955347,-0.755479549649586,0.0936120077795623,0.0967006711242098
0.440263234737308,-0.756985995029153,0.0980076036942261,0.10010323912928
0.44655270951927,-0.773822777937969,0.0887458011465009,0.0913135488322047
0.452842184301231,-0.75623578419252,0.0939233252976473,0.100203415702354
0.459131659083193,-0.777603418246569,0.0816442002031454,0.099332985668312
0.465421133865155,-0.758656332434086,0.0830171674906345,0.102595728693596
0.471710608647116,-0.752251570991244,0.0976210751845885,0.102946764612268
0.478000083429078,-0.749965013807127,0.0894382738291856,0.10188470051665
0.484289558211039,-0.751312649704679,0.104391082878703,0.105641526248371
0.490579032993001,-0.735156767262958,0.108270214255976,0.107593489808086
0.496868507774962,-0.745682740168741,0.0864925189170985,0.107754926265921
0.503157982556924,-0.749388667950756,0.0866226022204565,0.105871346428889
0.509447457338885,-0.763792047034905,0.0841413990157392,0.102464908794164
0.515736932120847,-0.73710371222281,0.0854382505303098,0.111316653812649
0.522026406902809,-0.748033147982323,0.0737015977959892,0.11046752770764
0.52831588168477,-0.726879677603448,0.0857005438514905,0.112647959039546
0.534605356466732,-0.729212790108344,0.104222715586987,0.109679215930866
0.540894831248693,-0.713856263162148,0.109071265339726,0.114733185344334
0.547184306030655,-0.726029123417755,0.100225972935842,0.113052796480569
0.553473780812616,-0.721554586412931,0.0972404375049071,0.118303328087829
0.559763255594578,-0.71567764846523,0.0775898038794824,0.118676874785186
0.566052730376539,-0.729466173912531,0.089937168862206,0.111210859113801
0.572342205158501,-0.724365980967369,0.0865004423493938,0.114540740235259
0.578631679940462,-0.700175336035149,0.105926724441454,0.124757329847707
0.584921154722424,-0.706923072411165,0.107735528194026,0.119124879089374
0.591210629504386,-0.709588032585647,0.0980768835060455,0.116719537382273
0.597500104286347,-0.698747457333952,0.112632737063056,0.120739439672911
0.603789579068309,-0.708561890096274,0.105994700727682,0.121424684045226
0.61007905385027,-0.692815707552246,0.0990082389309082,0.123352365137146
0.616368528632232,-0.707246714501543,0.101804871965284,0.125131330249641
0.622658003414193,-0.681350269362164,0.0838258748827882,0.132773812971642
0.628947478196155,-0.688427675767088,0.105328134810232,0.128888008095251
0.635236952978116,-0.695839980800671,0.101196562710069,0.131623780011004
0.641526427760078,-0.67892398926509,0.0960853227184804,0.130443606779733
0.647815902542039,-0.690511541095095,0.0924793342770272,0.130329137731992
0.654105377324001,-0.678452004933087,0.101373792327202,0.128741261690442
0.660394852105963,-0.679383305384878,0.0962556006013068,0.129374323018418
0.666684326887924,-0.680930925813062,0.0943105122781579,0.131818890696881
0.672973801669886,-0.652162253042887,0.11051092116095,0.136306357017138
0.679263276451847,-0.66406103401311,0.0939660547175243,0.138645455059759
0.685552751233809,-0.656173213380711,0.0970359104713322,0.134082222225666
0.69184222601577,-0.624063805674807,0.113265851951338,0.141055862761874
0.698131700797732,-0.630075932331775,0.099147742869047,0.142806918884464
0.704421175579693,-0.647354045630423,0.0989207591317358,0.135590443207893
0.710710650361655,-0.646732000514949,0.105915516056525,0.140113070910142
0.717000125143616,-0.626388297364321,0.109934530877406,0.139321357950029
0.723289599925578,-0.626857157174498,0.100125469405014,0.143330205733148
0.72957907470754,-0.620605844011228,0.107521796955972,0.148721573901796
0.735868549489501,-0.633816020233193,0.10066090910238,0.147322026733908
0.742158024271463,-0.602850167561786,0.115426199953995,0.148656233883292
0.748447499053424,-0.617030683717591,0.100396489236458,0.146019096087539
0.754736973835386,-0.610111804575904,0.0988131251088282,0.149688635646219
0.761026448617347,-0.618773722034262,0.116604131988133,0.146851118814843
0.767315923399309,-0.635011836219056,0.10150422365452,0.147768565487599
0.77360539818127,-0.601561359841639,0.110362393863271,0.152160064811486
0.779894872963232,-0.597264513595907,0.115483177003979,0.145387007459818
0.786184347745193,-0.598235795182972,0.114345438569712,0.151686399614196
0.792473822527155,-0.594818586793497,0.114218196860325,0.155626363124623
0.798763297309117,-0.597461127880392,0.120098979259156,0.148633627764699
0.805052772091078,-0.592542425492477,0.105560525194605,0.151239623973466
0.81134224687304,-0.598800865988819,0.113548911141948,0.154463010586838
0.817631721655001,-0.591663587912723,0.112500314240145,0.155583907963038
0.823921196436963,-0.566526195127441,0.116985011777015,0.160306394176606
0.830210671218924,-0.572905647753894,0.1192027292649,0.156193405355251
0.836500146000886,-0.573056884778858,0.106766485496725,0.154765529805449
0.842789620782847,-0.573666236715155,0.102975130026517,0.161121578051138
0.849079095564809,-0.556111798509222,0.114924176446448,0.163288622539474
0.855368570346771,-0.561439497215869,0.103642632865666,0.1604611273657
0.861658045128732,-0.553426308706382,0.112238683016499,0.163621999002454
0.867947519910694,-0.54601494458907,0.114543194816279,0.163293209038172
0.874236994692655,-0.573579734440321,0.105915530558949,0.162177873591516
0.880526469474617,-0.539031915543441,0.101237143560026,0.165106286726375
0.886815944256578,-0.556030021877924,0.110225773111378,0.161372570737993
0.89310541903854,-0.541842202216804,0.103693878160226,0.170810342190561
0.899394893820501,-0.53997095089507,0.0937590071299324,0.165697624132198
0.905684368602463,-0.525387868531648,0.122059201453448,0.16862384247613
0.911973843384424,-0.514715908811992,0.124385481269381,0.171650733606847
0.918263318166386,-0.522095937242683,0.120466197193462,0.168166702138751
0.924552792948348,-0.492066848395616,0.13221977041225,0.173077277017914
0.930842267730309,-0.510412611705269,0.11075452479312,0.172610298854501
0.937131742512271,-0.489402138953939,0.118906025776702,0.173280020002657
0.943421217294232,-0.473195877022816,0.128611013296179,0.173612782964352
0.949710692076194,-0.482387901449386,0.125372606946597,0.176030094051355
0.956000166858155,-0.487522841798715,0.127717515161193,0.174238151757197
0.962289641640117,-0.490397181140472,0.121839578466739,0.173179924562955
0.968579116422078,-0.484204151585634,0.130294435642578,0.181869836597922
0.97486859120404,-0.473768580589084,0.110618618452803,0.179354167673255
0.981158065986001,-0.45149363664272,0.131286707525962,0.179267869110025
0.987447540767963,-0.479137094851175,0.133037265153872,0.177446623948914
0.993737015549925,-0.478265696453846,0.126230201774312,0.182278299502637
1.00002649033189,-0.446781513251558,0.124114466898841,0.182083164880296
1.00631596511385,-0.449356697820666,0.115793910416314,0.184330529117986
1.01260543989581,-0.453532566578198,0.123136525225798,0.181823964329655
1.01889491467777,-0.454488084770878,0.130181585289631,0.179830402960305
1.02518438945973,-0.457317727553862,0.124292880673967,0.182690381766238
1.03147386424169,-0.448830987936956,0.120775127327078,0.183047984513472
1.03776333902366,-0.413103407765513,0.133660029976507,0.188044211092012
1.04405281380562,-0.412517990504226,0.126783637827067,0.18491515141597
1.05034228858758,-0.406313877177786,0.143350455456987,0.184357250998548
1.05663176336954,-0.411635651824671,0.105905730706498,0.188824843942822
1.0629212381515,-0.424072683521233,0.128281507406107,0.184059721427082
1.06921071293346,-0.385013579722616,0.117671269065407,0.191673525457108
1.07550018771542,-0.40294042657898,0.125932519678548,0.18593445534514
1.08178966249739,-0.395986605058511,0.127207790210045,0.186715724013279
1.08807913727935,-0.402948503114205,0.114851994257083,0.193158403519251
1.09436861206131,-0.365605881911294,0.126349298195717,0.19379899007857
1.10065808684327,-0.399246746895412,0.148828129264293,0.188517696937967
1.10694756162523,-0.386805437917161,0.107098298999112,0.190596219903359
1.11323703640719,-0.374514333864297,0.122825384091443,0.193340845944484
1.11952651118916,-0.375646956338934,0.131879037387765,0.188265030934823
1.12581598597112,-0.362337395546419,0.122277438505986,0.195452721240924
1.13210546075308,-0.352991278156943,0.11782857337642,0.196654581681404
1.13839493553504,-0.35701621573945,0.126840099611885,0.191737424985213
1.144684410317,-0.345115444786921,0.138664352342525,0.194447861073403
1.15097388509896,-0.341516008398492,0.114679268915316,0.197107755361105
1.15726335988092,-0.355973819697871,0.133779581194878,0.193333198250495
1.16355283466289,-0.327065292791894,0.13538309996495,0.198822404078396
1.16984230944485,-0.345749807710413,0.128663523439263,0.195705631485914
1.17613178422681,-0.316371448596865,0.135288790209352,0.202786724854922
1.18242125900877,-0.324521156915621,0.143463875801764,0.196035854137545
1.18871073379073,-0.326608707083826,0.137735910975719,0.196686178558179
1.19500020857269,-0.324677793123033,0.13963944390683,0.199254067014176
1.20128968335466,-0.306441628270979,0.120216979015026,0.200160496135218
1.20757915813662,-0.302973806485677,0.130961736668252,0.198479912128783
1.21386863291858,-0.282530095178001,0.131757570798711,0.204604290054198
1.22015810770054,-0.318300413539407,0.120203605101279,0.201443585752969
1.2264475824825,-0.287561127465173,0.122548269298464,0.200066298273846
1.23273705726446,-0.272028894404797,0.136476297955292,0.200900277613481
1.23902653204642,-0.266385753745335,0.123028673084999,0.200597337950384
1.24531600682839,-0.260352537043186,0.132268440627722,0.20201473816093
1.25160548161035,-0.27668015423099,0.139996216953911,0.202713320762946
1.25789495639231,-0.252307529345702,0.13978625563093,0.203163028317062
1.26418443117427,-0.23699813154095,0.142761714275777,0.203954899297442
1.27047390595623,-0.268871796389598,0.131603941936118,0.206141962568072
1.27676338073819,-0.24463341400217,0.12750437629433,0.203669466045676
1.28305285552016,-0.238624656783737,0.144640245381168,0.206062276737133
1.28934233030212,-0.254390039148214,0.124262257439108,0.209224242821042
1.29563180508408,-0.23720127015128,0.132210720470662,0.205453976804003
1.30192127986604,-0.22020618762521,0.129003326546343,0.210484931308135
1.308210754648,-0.210535364965587,0.143742172298125,0.208667694957993
1.31450022942996,-0.207660321152538,0.131628094526229,0.210472243238262
1.32078970421193,-0.202840059455726,0.131064629801739,0.211533472368948
1.32707917899389,-0.206831323186569,0.134273754400853,0.209210308795195
1.33336865377585,-0.214457753741374,0.135051787284091,0.208176993416512
1.33965812855781,-0.180745772112546,0.151609588271874,0.210855229865333
1.34594760333977,-0.168717877584657,0.145832703686474,0.2115285372992
1.35223707812173,-0.181478030319928,0.14573212686701,0.211978241064123
1.35852655290369,-0.163091028445876,0.148162105959365,0.211164310508051
1.36481602768566,-0.16657722262597,0.13153696568511,0.210510506644976
1.37110550246762,-0.148229964009938,0.138278369002477,0.213012397140018
1.37739497724958,-0.169699811674956,0.121395297205981,0.209489742154652
1.38368445203154,-0.170326357895142,0.113798298851431,0.213220301153171
1.3899739268135,-0.166340377550935,0.141618629319892,0.209132579632745
1.39626340159546,-0.106513976752699,0.124524555263241,0.212564473024627
1.40255287637743,-0.116709023019544,0.134856191838234,0.217992504510455
1.40884235115939,-0.123990358338396,0.149372175025157,0.213472029792814
1.41513182594135,-0.133152132839683,0.148320245906945,0.209164608524295
1.42142130072331,-0.120998156866882,0.141591961681161,0.209655481354677
1.42771077550527,-0.108818410186999,0.132371511475551,0.212384850639935
1.43400025028723,-0.112540273679211,0.143851906735326,0.209828853307539
1.44028972506919,-0.0901000501605606,0.140567996529002,0.213714746957187
1.44657919985116,-0.120888742980182,0.141795135576739,0.214320421695817
1.45286867463312,-0.113461915881432,0.148345531752373,0.213138616335278
1.45915814941508,-0.086547968708615,0.152925814468465,0.213997175874649
1.46544762419704,-0.0903156050633614,0.12799742215538,0.216726171496268
1.471737098979,-0.0745274751593445,0.133677308779645,0.212574779400216
1.47802657376096,-0.0708707118988314,0.132565658418185,0.217056982058493
1.48431604854293,-0.0574571606761209,0.137103294593511,0.2165214245843
1.49060552332489,-0.0602957568215961,0.13537141169661,0.213069132183921
1.49689499810685,-0.0543079835468882,0.131477662969631,0.215589331155565
1.50318447288881,-0.0722988016500678,0.132429307825177,0.213091084737968
1.50947394767077,-0.0269331061792901,0.13372474149427,0.211996925829269
1.51576342245273,-0.0331384623971333,0.152670945269855,0.214978902038424
1.52205289723469,-0.0386590738534804,0.146957852786295,0.208854064219188
1.52834237201666,-0.027154326393494,0.13157261180517,0.210047665961552
1.53463184679862,-0.0198655201920102,0.119623288165564,0.217246736290437
1.54092132158058,-0.00859978311324469,0.126434134025065,0.217769073179172
1.54721079636254,-0.0229510170395228,0.122225378607242,0.213693456043039
1.5535002711445,0.0152209856064696,0.127070000067796,0.219632473522865
1.55978974592646,0.00354461410973948,0.144858785890753,0.217169996866696
1.56607922070843,0.00796665322286496,0.146697853980633,0.215789362293184
1.57236869549039,0.0125863489394351,0.12917382767384,0.214666797463808
1.57865817027235,-0.00136053932046003,0.13689688988066,0.214454948189879
1.58494764505431,0.00669874909747777,0.140635872395097,0.217937774285476
1.59123711983627,-0.00861168051002001,0.125204122350815,0.215775234371197
1.59752659461823,0.0176820745545893,0.133332765875472,0.218746913070762
1.60381606940019,0.0139877872161524,0.146369760691603,0.213576915007883
1.61010554418216,0.0421834160307186,0.147048745260013,0.213889100020626
1.61639501896412,0.0444833874584081,0.13796060147101,0.214965291355041
1.62268449374608,0.0440445021958726,0.147333286213829,0.218547309881215
1.62897396852804,0.0406486428005857,0.122804467413302,0.213521841354881
1.63526344331,0.0567673667097359,0.128865213245995,0.214742744490046
1.64155291809196,0.0736528497818166,0.127211600427849,0.216979149531611
1.64784239287393,0.0681654994974954,0.123657314962775,0.21724254321599
1.65413186765589,0.0446203158195813,0.125456029138063,0.214221987545808
1.66042134243785,0.100327655294983,0.128019112392362,0.216471166254924
1.66671081721981,0.0946558720711192,0.12330274582903,0.212531907728501
1.67300029200177,0.105852432303648,0.144011967898774,0.215521974577384
1.67928976678373,0.0990274065904946,0.132504844543977,0.216401985891365
1.68557924156569,0.116778040679954,0.128979504276665,0.21518289909053
1.69186871634766,0.0783083493867297,0.124717470052045,0.218265767359361
1.69815819112962,0.108379843737034,0.123405372370301,0.217177849963138
1.70444766591158,0.122068082099645,0.167626159554397,0.214998007801294
1.71073714069354,0.130291666853059,0.131905818615482,0.215190035489241
1.7170266154755,0.127385736879351,0.138780719776766,0.213037308345158
1.72331609025746,0.12927627694878,0.137054670317608,0.213480269883449
1.72960556503943,0.131844216907051,0.1350134517754,0.20827293950178
1.73589503982139,0.139486189635359,0.125712364022309,0.215097797284459
1.74218451460335,0.14995362804542,0.141758390508959,0.217915834152073
1.74847398938531,0.153529117310014,0.125854096463404,0.211724210523865
1.75476346416727,0.151862518695137,0.143327678515565,0.212485853324788
1.76105293894923,0.175639218606519,0.133450933101329,0.214191551417271
1.76734241373119,0.193131893570167,0.131783216594706,0.210539815470532
1.77363188851316,0.164406860430357,0.126530389918366,0.213542836508997
1.77992136329512,0.193116984789204,0.132245366266955,0.209742939608387
1.78621083807708,0.18537887415338,0.145566384445188,0.208946370057496
1.79250031285904,0.227333817316637,0.1168351453681,0.21439913227636
1.798789787641,0.176765908692398,0.117411668771151,0.209716633089892
1.80507926242296,0.234787198007406,0.136437216806601,0.209894261520573
1.81136873720493,0.214200798178044,0.135876241524382,0.208224948194702
1.81765821198689,0.197852063561962,0.115774586737915,0.212094278102686
1.82394768676885,0.193350383910164,0.124730467266601,0.215183793406531
1.83023716155081,0.218018248034198,0.125799738667185,0.211932141506245
1.83652663633277,0.2328470427797,0.131196486520423,0.209731445981237
1.84281611111473,0.226918791361419,0.124112464015172,0.206565556511588
1.8491055858967,0.24899191679166,0.112668369752361,0.205150965669268
1.85539506067866,0.223266969621493,0.118722843411653,0.207663959824135
1.86168453546062,0.299565467239639,0.130774789415162,0.207195889271791
1.86797401024258,0.25671310130486,0.139601282277232,0.206935020025752
1.87426348502454,0.264408720330704,0.113696148069794,0.208557066915869
1.8805529598065,0.285061886829601,0.133983385490457,0.208322307959332
1.88684243458846,0.281345168576211,0.120095867927466,0.211087984938484
1.89313190937043,0.300926538683217,0.114846540802792,0.206345148336872
1.89942138415239,0.269633875655536,0.150696661676829,0.207543302861033
1.90571085893435,0.306329770896006,0.131610586288426,0.205749710056641
1.91200033371631,0.284959291236671,0.12819816495313,0.206721810376132
1.91828980849827,0.287555824799412,0.122272100001364,0.206773734144295
1.92457928328023,0.323321434753439,0.113096332550019,0.20834320804022
1.9308687580622,0.32126372737552,0.132365179256687,0.201999322190843
1.93715823284416,0.333256937710984,0.120446474862744,0.201443822858579
1.94344770762612,0.311299362830229,0.136142163680454,0.20377310085736
1.94973718240808,0.324236189776381,0.113727470577998,0.207405765142292
1.95602665719004,0.343368596856841,0.107066476573806,0.200375479869666
1.962316131972,0.348894181315575,0.130794875610192,0.20192301960116
1.96860560675396,0.329038701888435,0.116643047175922,0.203706269597881
1.97489508153593,0.321828340911812,0.113383088572951,0.202142329146998
1.98118455631789,0.362878588900642,0.132545474584923,0.1981426081752
1.98747403109985,0.347818597295079,0.112646385696334,0.202027065362827
1.99376350588181,0.36805085522936,0.124876307510165,0.197406187701385
2.00005298066377,0.367530728809166,0.124698602603474,0.198565611882355
2.00634245544573,0.366867980420932,0.110659393880309,0.199531456846618
2.0126319302277,0.380287182935587,0.117494374907896,0.196536681453606
2.01892140500966,0.382866122805559,0.126945909919195,0.198659252093388
2.02521087979162,0.365066043219819,0.127787706556959,0.196553639399875
2.03150035457358,0.392475992670492,0.117283851178648,0.19250123893313
2.03778982935554,0.395010982870058,0.115207896893923,0.196126458768851
2.0440793041375,0.407197186488081,0.120269761692194,0.19421563897979
2.05036877891946,0.409396493869278,0.133974685042865,0.192728734673439
2.05665825370143,0.402300361889431,0.122755244990911,0.19684275184072
2.06294772848339,0.423294988845518,0.129875345990762,0.193379291187973
2.06923720326535,0.429496257950973,0.1294014534444,0.190033110183299
2.07552667804731,0.419632676091719,0.117996793515428,0.1921862894999
2.08181615282927,0.432525994531701,0.107343236410312,0.189905949658954
2.08810562761123,0.444604230718591,0.116146895336688,0.189660914942865
2.0943951023932,0.451637182007698,0.117659316803368,0.190722027256276
2.10068457717516,0.456392193708067,0.122710366748914,0.18855148111461
2.10697405195712,0.440643471695707,0.115470724173426,0.186675975907372
2.11326352673908,0.463330480269962,0.119301957962613,0.186701264810216
2.11955300152104,0.456269785842826,0.115762802298958,0.189464922455325
2.125842476303,0.448052658170252,0.121196393079882,0.190067163785123
2.13213195108496,0.473362613407361,0.10292037181495,0.186101173117301
2.13842142586693,0.47474725575507,0.117010911499657,0.187015710453787
2.14471090064889,0.45336488580522,0.111928254343379,0.185906248539856
2.15100037543085,0.477716753478652,0.108865052327098,0.183746340232143
2.15728985021281,0.48500531441557,0.138756590334613,0.181639403034993
2.16357932499477,0.513650859783255,0.11097443368708,0.179981133180755
2.16986879977673,0.491902574122922,0.118077867375149,0.180672152641578
2.1761582745587,0.485708647265034,0.128797506303991,0.181008945586814
2.18244774934066,0.496585200765364,0.120154070037046,0.182435505122777
2.18873722412262,0.522425963354385,0.110706557944247,0.178044373924558
2.19502669890458,0.528735686168869,0.122991035047775,0.178004666541634
2.20131617368654,0.53066845382169,0.10386800767138,0.177508881928832
2.2076056484685,0.514194968124741,0.111920315719985,0.178106885122931
2.21389512325046,0.5142628806378,0.103853160382728,0.182352283704266
2.22018459803243,0.53705484825093,0.11009667880901,0.176313805727873
2.22647407281439,0.533943701864021,0.100503405746624,0.176740733911117
2.23276354759635,0.526294952200708,0.103484557425045,0.180452728446836
2.23905302237831,0.54818340505826,0.104157622056255,0.171746851411212
2.24534249716027,0.560779267845779,0.101955345253306,0.171947191989169
2.25163197194223,0.565222757577367,0.09763448749225,0.170816365399579
2.2579214467242,0.565579487626667,0.107134952306422,0.169289779972535
2.26421092150616,0.556247872682258,0.113267780868257,0.170312661722554
2.27050039628812,0.551061253146823,0.0993347716519714,0.17706677780566
2.27678987107008,0.577717059367072,0.0972002391577296,0.166147940329088
2.28307934585204,0.567585031983281,0.0994222260587571,0.169170088140105
2.289368820634,0.563375289246332,0.10580536465044,0.169468331780679
2.29565829541597,0.580839645580003,0.0992219965360355,0.165277070547382
2.30194777019793,0.595183491520931,0.0948720798434139,0.163969547627799
2.30823724497989,0.59435768558444,0.111649539039719,0.16655842989836
2.31452671976185,0.610265649487408,0.121679728169676,0.16032250735299
2.32081619454381,0.592517734994049,0.100746254965953,0.165484724338019
2.32710566932577,0.586487095102016,0.112553148960034,0.165400010334508
2.33339514410773,0.621226027599066,0.101159263829817,0.156904296695992
2.3396846188897,0.603537808252744,0.0921729820571855,0.159622642088629
2.34597409367166,0.603979427504252,0.106880191925445,0.160551561940021
2.35226356845362,0.622647478062028,0.0950397067239424,0.155085590129574
2.35855304323558,0.609111773057768,0.124107468301175,0.162194108171331
2.36484251801754,0.640446071032899,0.0996898130611005,0.154167680587876
2.3711319927995,0.630760127111174,0.0908766531710731,0.157873282473853
2.37742146758147,0.658063751784241,0.0957018872381011,0.146340397206296
2.38371094236343,0.648125345737578,0.10263924234814,0.151780285939046
2.39000041714539,0.642004247650858,0.0976822404605716,0.15387515378698
2.39628989192735,0.627178126421836,0.101812398395586,0.155615594823813
2.40257936670931,0.662743557266342,0.0922166306511552,0.14659075292421
2.40886884149127,0.653000423322983,0.0988689164502934,0.156100628967065
2.41515831627323,0.673049065482633,0.0887597515209815,0.143541983591494
2.4214477910552,0.666056283480999,0.0864435940412239,0.149931033464482
2.42773726583716,0.660243868385287,0.0931606958500329,0.150500236217238
2.43402674061912,0.675078166365694,0.100831278299477,0.146192096270754
2.44031621540108,0.673698725487927,0.0915237676591939,0.144831388349929
2.44660569018304,0.679374142692275,0.0979024342676937,0.143830673328177
2.452895164965,0.671147023982375,0.0918920750845806,0.144023727816327
2.45918463974697,0.687099249157667,0.0969949237208766,0.14120678716424
2.46547411452893,0.691472059439996,0.0759989167626429,0.14057053777597
2.47176358931089,0.696088722809282,0.0929988697277332,0.140908981061622
2.47805306409285,0.694958847496157,0.0998960528276543,0.138558585267594
2.48434253887481,0.696422256627761,0.114649047869143,0.140802928736673
2.49063201365677,0.710588733271758,0.0795186886978375,0.134540410061282
2.49692148843873,0.699179651608471,0.0871741737297691,0.136024886088985
2.5032109632207,0.709899763304491,0.0822443723051007,0.138724087365069
2.50950043800266,0.688856266778004,0.0968332867935045,0.136229494837744
2.51578991278462,0.718904511190669,0.0931358040243386,0.131608367278227
2.52207938756658,0.712993836224919,0.0814461452436182,0.132430498724092
2.52836886234854,0.720128531320336,0.0925295521883951,0.136049500529508
2.5346583371305,0.73436878213592,0.0879029536771542,0.125844385484951
2.54094781191247,0.72767946425963,0.0845312824157211,0.127589109534445
2.54723728669443,0.723996604351058,0.0928468901990716,0.127560125421335
2.55352676147639,0.72967473397211,0.081500376260728,0.130109248218503
2.55981623625835,0.759676239324432,0.0763260955500117,0.122481829191508
2.56610571104031,0.749559944864144,0.0739649319834445,0.118783579515449
2.57239518582227,0.752690369642172,0.0644868488459753,0.121400491002206
2.57868466060423,0.751945858849105,0.0727049136813455,0.123422423714504
2.5849741353862,0.728655259160773,0.0812018572045307,0.127638731837995
2.59126361016816,0.747145872518642,0.0831391418697899,0.119861253864555
2.59755308495012,0.742214194452091,0.0806336790131034,0.12103149701089
2.60384255973208,0.754035365711984,0.071544175567792,0.123603892776109
2.61013203451404,0.75911763949284,0.0811186013619608,0.119178695255664
2.616421509296,0.754852317019631,0.0702493156761665,0.120382301417619
2.62271098407797,0.762869585940693,0.0858457965040553,0.114963025670163
2.62900045885993,0.765905147207707,0.0789683201278334,0.115322934025338
2.63528993364189,0.778229319313074,0.0778872782107082,0.112600259757697
2.64157940842385,0.779838145190944,0.0809194241373474,0.11101884610776
2.64786888320581,0.77874524860395,0.0850281203142603,0.112537396515835
2.65415835798777,0.775578081771565,0.0808910752022549,0.112238975903768
2.66044783276973,0.785385881576232,0.0761524165415786,0.106678897061367
2.6667373075517,0.780507381308845,0.0804591312222375,0.11003831933476
2.67302678233366,0.786465295992326,0.0767951413114394,0.108188189842125
2.67931625711562,0.779779192669378,0.0732209282812715,0.108447120414196
2.68560573189758,0.784074751319034,0.0802973292123279,0.108095108667731
2.69189520667954,0.800137608591185,0.0635145568536485,0.101961409341339
2.6981846814615,0.803771090599011,0.064380746007878,0.100823082700553
2.70447415624347,0.800578119083997,0.0683659713789988,0.102386535335447
2.71076363102543,0.79995351803229,0.0679577151664176,0.104717282182647
2.71705310580739,0.816824488064068,0.0677647353974098,0.0977460625768092
2.72334258058935,0.813181046933762,0.0669311915013316,0.0958631306889897
2.72963205537131,0.805228256557978,0.0685958441282415,0.0964032502600701
2.73592153015327,0.805977307668203,0.072770521873537,0.0956745247731296
2.74221100493523,0.81794420484003,0.0766594392743248,0.0896782163696768
2.7485004797172,0.828157106283022,0.0568338524154439,0.0934334891469028
2.75478995449916,0.826673617472101,0.0687657298635919,0.0916295914299051
2.76107942928112,0.812841251465441,0.06785181287973,0.0955230934377385
2.76736890406308,0.832173808942856,0.0761387681510966,0.0884920507843108
2.77365837884504,0.829439063701734,0.0568052908155748,0.0861532413133674
2.779947853627,0.836467806904849,0.0674941405571619,0.0883361455265531
2.78623732840897,0.822185231661356,0.0646664999015405,0.0930007867790159
2.79252680319093,0.808407843828379,0.0639658927042006,0.0907003461403376
2.79881627797289,0.821079236191174,0.0643343037252627,0.0894531588307386
2.80510575275485,0.824665051569271,0.0634339062915086,0.0880519374810807
2.81139522753681,0.834054966707059,0.0554304400033719,0.0815662320815555
2.81768470231877,0.845036759262403,0.0571276275158559,0.0805468810715984
2.82397417710074,0.839826487060179,0.0671879496335591,0.0784112286534854
2.8302636518827,0.849003340231928,0.0576132086236686,0.0765313627850973
2.83655312666466,0.843086998384205,0.0604457064926483,0.0774885595550573
2.84284260144662,0.854782401099653,0.0540121159707273,0.078458788891695
2.84913207622858,0.844075241567728,0.0558534097990138,0.0771351545085992
2.85542155101054,0.842668553944235,0.0612407167858029,0.0781649709378121
2.8617110257925,0.842933405122522,0.0605118004568219,0.0788431488270096
2.86800050057447,0.841271079067194,0.0571016170402586,0.0751660622772598
2.87428997535643,0.839624211663901,0.0626405313254184,0.0754580689162661
2.88057945013839,0.846157618117746,0.056580494873882,0.0707574562721664
2.88686892492035,0.850562204926322,0.0571239949331081,0.0764761960362173
2.89315839970231,0.852134150623905,0.0546173877828972,0.0731910246096663
2.89944787448427,0.858193246022056,0.0471848357195901,0.0662479519864692
2.90573734926624,0.848940773602239,0.0629979498193099,0.0707497415914168
2.9120268240482,0.850628402047921,0.0497057274808971,0.0713630823398115
2.91831629883016,0.85981266924556,0.0548222252370268,0.0673177019924487
2.92460577361212,0.869707805737228,0.0496776720398556,0.0641918932897161
2.93089524839408,0.859189568661467,0.0509006554843576,0.0664813769484205
2.93718472317604,0.861390369491885,0.0537758300308999,0.064841117424729
2.943474197958,0.869894807981176,0.0523172681173674,0.0621514499005518
2.94976367273997,0.870906471136794,0.0545246361154433,0.0603742033162314
2.95605314752193,0.857299942340263,0.0493310657551664,0.0689501557795659
2.96234262230389,0.868863601415719,0.048471261135964,0.0611429896424085
2.96863209708585,0.875074240022952,0.0460606772514949,0.0616583298811435
2.97492157186781,0.87357029926196,0.0447040494823172,0.057173928874097
2.98121104664977,0.86502735018134,0.0564063697400725,0.0623034165645839
2.98750052143174,0.867247076744062,0.0492220755062783,0.0582243028308322
2.9937899962137,0.86445201895869,0.0521559279861142,0.0633480525815349
3.00007947099566,0.874429702807495,0.04655920520365,0.0594508916748105
3.00636894577762,0.877287923343459,0.0481453286837444,0.0573432073422104
3.01265842055958,0.877490499203391,0.0490545063643996,0.0563569540535747
3.01894789534154,0.879828567980259,0.0483123176337218,0.0556091876264464
3.0252373701235,0.876705550353836,0.050807903533645,0.054647931492777
3.03152684490547,0.885098366874901,0.0468286451174533,0.0543797347537995
3.03781631968743,0.884076387205191,0.0501477057771484,0.053195103928186
3.04410579446939,0.876496512086591,0.0457025402454947,0.0534989258699003
3.05039526925135,0.885754258789387,0.0450485208207621,0.052575657247907
3.05668474403331,0.881339565696148,0.0470393356017494,0.0543237879837377
3.06297421881527,0.883818788275477,0.0424194726130678,0.0524365307443891
3.06926369359724,0.887714736558808,0.0454985729425212,0.0494636603585923
3.0755531683792,0.884996470047911,0.0461355306431987,0.0498625388416825
3.08184264316116,0.887815933925584,0.0462791070922363,0.0522430212772674
3.08813211794312,0.886203223117084,0.0437277067340641,0.0512293588990601
3.09442159272508,0.880320232102761,0.0459951279221715,0.0532054124665151
3.10071106750704,0.888245657468109,0.0387321684488514,0.0496623789419996
3.107000542289,0.874245384317653,0.0412023081469561,0.0475565583528649
3.11329001707097,0.886651848934814,0.0442646579197678,0.0473634649016095
3.11957949185293,0.885832642689023,0.0470991306784531,0.0491377293867834
3.12586896663489,0.885540304952748,0.0455305841014091,0.0523914042534494
3.13215844141685,0.879467529148497,0.0429130660847888,0.049281917970524
3.13844791619881,0.886850225396228,0.0428813446105928,0.0478105192998065
3.14473739098077,0.887246024863217,0.0423930097074607,0.0466121209353851
3.15102686576274,0.891076223174622,0.0435904344607361,0.0481901570879243
3.1573163405447,0.892039922997273,0.0427543181802698,0.0489045506561979
3.16360581532666,0.880891881530694,0.0457479813222067,0.0511871668236767
3.16989529010862,0.883826411470861,0.0482517113381132,0.051189663572687
3.17618476489058,0.878775844704454,0.0413362518321201,0.0460095475987259
3.18247423967254,0.887951220286595,0.0448371843696999,0.0499962812901806
3.1887637144545,0.889818273698748,0.0514494765063424,0.0484691222718689
3.19505318923647,0.89163232399727,0.0406640269644078,0.050478333467528
3.20134266401843,0.883592993916149,0.0422307506829013,0.0475862915313775
3.20763213880039,0.877268761710414,0.039488977106306,0.0489348539456702
3.21392161358235,0.881523499605729,0.0426188294902443,0.0494672377002899
3.22021108836431,0.879698609950836,0.0464166802111716,0.0524457125546124
3.22650056314627,0.88757819744012,0.0456997599482939,0.0482191539537662
3.23279003792824,0.885119293265293,0.0472072301492588,0.0495089955333567
3.2390795127102,0.883814196060734,0.0439057002986432,0.0488930139683649
3.24536898749216,0.885598290822924,0.0470781728848931,0.0510840170890694
3.25165846227412,0.883450879351818,0.0460487025158066,0.0473593727254768
3.25794793705608,0.876832349431451,0.0456179700387424,0.0525221863555212
3.26423741183804,0.883580359162409,0.0477463845511225,0.0496334734580585
3.27052688662,0.878409260690704,0.0445357318337433,0.0505192352078603
3.27681636140197,0.882500365499893,0.0477506071853868,0.0531171923224462
3.28310583618393,0.885210727879989,0.0496335474616996,0.0499473993895896
3.28939531096589,0.883369699693456,0.0478982868853938,0.0546428735204571
3.29568478574785,0.881784434367705,0.0491244122835797,0.0580482838616961
3.30197426052981,0.878908694733223,0.0398847581571967,0.0524117503387671
3.30826373531177,0.868332281068181,0.0493051834206247,0.0560363374606177
3.31455321009374,0.876353735011554,0.0495842379812898,0.0593665203392374
3.3208426848757,0.875489432272487,0.0468833492755391,0.0554603915101605
3.32713215965766,0.878128856717784,0.0476141450621552,0.0551279972016868
3.33342163443962,0.873912487220772,0.049068592446844,0.0570253677290006
3.33971110922158,0.880618817004059,0.0417880155567917,0.0577741192869972
3.34600058400354,0.870578940259062,0.0498430395622491,0.0598085631200998
3.3522900587855,0.868567265499563,0.0496730444372093,0.0585799612049247
3.35857953356747,0.866093337608422,0.0500172183633307,0.0664940416958408
3.36486900834943,0.87479925212046,0.0489521347390949,0.0637697412147618
3.37115848313139,0.877299759085818,0.0494288406092093,0.0579158487139891
3.37744795791335,0.869313945229052,0.0528237286807196,0.0643594892692448
3.38373743269531,0.864956040174458,0.054818963536414,0.0655336047680147
3.39002690747727,0.867985279838493,0.0475045132396429,0.0661274119488432
3.39631638225924,0.859007339846655,0.0519234482136238,0.0695862143795904
3.4026058570412,0.84990364104282,0.0522153672311353,0.0712043500417207
3.40889533182316,0.865970711701815,0.0507937309694965,0.066531522775682
3.41518480660512,0.847564813332115,0.052039699428904,0.0727787426762208
3.42147428138708,0.858669907983635,0.0510219237626398,0.0691261797611131
3.42776375616904,0.843998953358671,0.0624987349016304,0.0721280743866952
3.43405323095101,0.861215618327058,0.0620423108782497,0.0720907822041438
3.44034270573297,0.852399034644274,0.0524440281385183,0.0693779512828943
3.44663218051493,0.856220131556732,0.0565634539957203,0.0774045765836508
3.45292165529689,0.848644014171898,0.0516129466650601,0.0729202437295196
3.45921113007885,0.850363720582979,0.0563984546799243,0.072780142589833
3.46550060486081,0.846232326145991,0.0541887685707834,0.0744559739863554
3.47179007964277,0.850175454423898,0.053060837921889,0.0768564446802006
3.47807955442474,0.847055050258378,0.0541405894114812,0.0788867036089958
3.4843690292067,0.842484599757399,0.0552054004821975,0.0765504135446338
3.49065850398866,0.840477502423018,0.0625119460543107,0.0812762637759962
3.49694797877062,0.836973690800598,0.0515233014284737,0.0794964995287294
3.50323745355258,0.825266542811902,0.0598991862641938,0.0884057589452275
3.50952692833454,0.834291398772425,0.0544909494741755,0.0837750517703557
3.51581640311651,0.823145303588267,0.0650197154057948,0.0842367359746418
3.52210587789847,0.834912525117868,0.0701075554944037,0.0840890871352751
3.52839535268043,0.840320604806904,0.0620213892909086,0.0836069560097207
3.53468482746239,0.832956365318228,0.0646963419914346,0.0870959832402522
3.54097430224435,0.821059194553599,0.0643363046154279,0.0907696759091623
3.54726377702631,0.82209252478015,0.0616804724489698,0.093592838064906
3.55355325180827,0.823625708968461,0.0610969987501924,0.0892200388456268
3.55984272659024,0.826011159088566,0.0604441140592737,0.0933233180628081
3.5661322013722,0.819928320176946,0.0618018705682175,0.0910462814819974
3.57242167615416,0.816553406793135,0.0629500749192632,0.0946519795257744
3.57871115093612,0.808444006941642,0.0679330796048696,0.0932470029704212
3.58500062571808,0.810672313757243,0.0614685309690429,0.0905256889291636
3.59129010050004,0.812001000092929,0.0781618661196422,0.0960166008684549
3.59757957528201,0.807344146150994,0.0750867141254371,0.0975045027148017
3.60386905006397,0.810599630334696,0.0743734973263035,0.097752239156158
3.61015852484593,0.80643567115518,0.0631969421282975,0.100469732052845
3.61644799962789,0.793198855794603,0.0734334064758687,0.102265768040712
3.62273747440985,0.799963373443408,0.063894381728508,0.103442557446449
3.62902694919181,0.787203846104134,0.0769186876192755,0.107773470612637
3.63531642397377,0.793199347925587,0.0830629678242474,0.101036734869404
3.64160589875574,0.798616745424302,0.0644054041285149,0.101994380648336
3.6478953735377,0.785875163523612,0.0814093279886109,0.103524786461685
3.65418484831966,0.78266706532829,0.0789843121719849,0.10982976227692
3.66047432310162,0.763475729257455,0.088697858416312,0.11504383869702
3.66676379788358,0.780452687658774,0.080108051271864,0.1080186502318
3.67305327266554,0.778650232585618,0.0749393866811728,0.108201219337313
3.67934274744751,0.780070735505407,0.0707966946722569,0.117244164760105
3.68563222222947,0.774480999606965,0.085890600296783,0.112898911790049
3.69192169701143,0.768069726805257,0.0787928671165738,0.11232624346424
3.69821117179339,0.763399656708483,0.0794650108676634,0.116385724089182
3.70450064657535,0.76186462473329,0.0858539889237278,0.113590897415749
3.71079012135731,0.756021801499882,0.0777585277842994,0.119179037828787
3.71707959613927,0.747793609825575,0.0821560815693729,0.120343772632422
3.72336907092124,0.757431810568362,0.0833112757362491,0.117146776229838
3.7296585457032,0.746535445171133,0.0815958242305557,0.123167345087572
3.73594802048516,0.751886089768926,0.0766790615780603,0.121921153355745
3.74223749526712,0.748340386316644,0.0730349998363258,0.125499557651991
3.74852697004908,0.741367834063056,0.0819769416948758,0.121574559002319
3.75481644483104,0.727756108553529,0.0774912953417942,0.131050720669052
3.76110591961301,0.738215912063229,0.0853031326137707,0.122121136982016
3.76739539439497,0.743029141643876,0.0813037475996138,0.124608866830799
3.77368486917693,0.737842451183503,0.0834472982697631,0.123592218791045
3.77997434395889,0.739330781551723,0.0895952976752212,0.127830523343869
3.78626381874085,0.706479209912498,0.0885279358533631,0.131362619718871
3.79255329352281,0.726295916206379,0.0885644656972676,0.131306729481544
3.79884276830477,0.713148667146258,0.077968396448536,0.134053895045345
3.80513224308674,0.709883599692815,0.089075430478337,0.134272429311268
3.8114217178687,0.705611461129041,0.0850581484423265,0.134130904515297
3.81771119265066,0.698186640135733,0.0930075003660348,0.136083711134371
3.82400066743262,0.698030722065409,0.089468512617133,0.136764151466077
3.83029014221458,0.693103679450351,0.0922043614160098,0.138587250499468
3.83657961699654,0.713290806380298,0.0915197455830369,0.134886026061454
3.84286909177851,0.697853814423896,0.0859189477587442,0.13751958323418
3.84915856656047,0.669746482010619,0.0976189076520822,0.142773649861875
3.85544804134243,0.672726589706167,0.0976908382583205,0.145511474386374
3.86173751612439,0.691926135695294,0.0941887635970386,0.13971971364668
3.86802699090635,0.678576270540079,0.0989483471230635,0.144628538272375
3.87431646568831,0.660389601114539,0.102221266434292,0.14969686961441
3.88060594047027,0.678575296957905,0.0971738370629013,0.145445422868967
3.88689541525224,0.680598088526994,0.0906672242593458,0.144353635396456
3.8931848900342,0.667641098821826,0.0977238668388403,0.148302753270233
3.89947436481616,0.662571821352441,0.0945161822242856,0.147976564836784
3.90576383959812,0.634816161746559,0.0967978891187396,0.154781097337436
3.91205331438008,0.655517246005289,0.0879764486788745,0.148185599645615
3.91834278916204,0.643538937426728,0.106191257081663,0.152927975200823
3.92463226394401,0.639057198643278,0.0940399253233879,0.151036344535224
3.93092173872597,0.6434469708663,0.0960506730942502,0.154065858063882
3.93721121350793,0.620616708319539,0.107769365787297,0.157486433437276
3.94350068828989,0.630676736423964,0.109782670598746,0.153935386395698
3.94979016307185,0.643308718670604,0.0897060225897251,0.152693207592707
3.95607963785381,0.628463191172768,0.108039064209609,0.156588911950776
3.96236911263578,0.612802931869519,0.105444666527084,0.161034696405096
3.96865858741774,0.623305489485162,0.0978775455009809,0.157028984679961
3.9749480621997,0.632984670764258,0.088547358789789,0.159670868703534
3.98123753698166,0.60321263556721,0.104255076392288,0.163159419428225
3.98752701176362,0.5937436971826,0.0984295616361061,0.164058751894439
3.99381648654558,0.597600655070765,0.112678865958872,0.161974730103305
4.00010596132754,0.583164104772832,0.108331642300797,0.163176155299295
4.00639543610951,0.593209581500809,0.108472341942302,0.166146769693027
4.01268491089147,0.604712506552563,0.098231656526345,0.157909452694082
4.01897438567343,0.591322954321959,0.098875372968534,0.164592314715347
4.02526386045539,0.596501810939983,0.112915074094543,0.163554548520027
4.03155333523735,0.584428516639935,0.101458673381733,0.171383590083607
4.03784281001931,0.564485126417849,0.108645345463652,0.170106301630095
4.04413228480128,0.576674250532696,0.101223515283199,0.166639306649249
4.05042175958324,0.586794934201736,0.110260470329844,0.16721217481061
4.0567112343652,0.558957393615323,0.120577906566195,0.169886994010279
4.06300070914716,0.56742239658487,0.108191932324828,0.169801886311998
4.06929018392912,0.574678945405561,0.100825529140663,0.167825524410359
4.07557965871108,0.537648564713834,0.0955267702715329,0.173403379812097
4.08186913349304,0.553031576823115,0.106544645291025,0.172045014824177
4.08815860827501,0.54035224636221,0.118310634694646,0.17396532588285
4.09444808305697,0.514938212097116,0.105983742036944,0.178407966090692
4.10073755783893,0.528207124034963,0.11327853032827,0.175436883408737
4.10702703262089,0.526170265708959,0.108269661724762,0.173716642271765
4.11331650740285,0.516346132233864,0.108547901944848,0.176715563154252
4.11960598218481,0.52051291944989,0.10625129496952,0.179687718445554
4.12589545696678,0.519869597392735,0.107005746238877,0.176953401861329
4.13218493174874,0.522675970961168,0.117697786430405,0.176825970118479
4.1384744065307,0.51316354892235,0.122171327327083,0.177291596541905
4.14476388131266,0.500048598081826,0.102620063358548,0.180632270414519
4.15105335609462,0.479029901936393,0.112218103249559,0.183970589869371
4.15734283087658,0.512997480417586,0.105064302295969,0.17882000375596
4.16363230565854,0.483816463116675,0.126055579785847,0.182668994172038
4.16992178044051,0.500386782212602,0.121709013212051,0.178290832547808
4.17621125522247,0.47860106537514,0.118815380876607,0.183316382957698
4.18250073000443,0.473739944398056,0.125940572345324,0.183511181573609
4.18879020478639,0.444746170023264,0.1201903776866,0.190738922950153
4.19507967956835,0.468904871872701,0.103887417345357,0.184253320722087
4.20136915435031,0.48850254344592,0.117645350538862,0.18535410721163
4.20765862913228,0.467862154464784,0.108209693293453,0.186004168353452
4.21394810391424,0.430250127826436,0.114297549165052,0.191558144675371
4.2202375786962,0.469902446891376,0.115611266885703,0.184830858521604
4.22652705347816,0.466733767295389,0.128668325849511,0.184382517462719
4.23281652826012,0.432190777142196,0.119572173330997,0.192025802305773
4.23910600304208,0.44641236091853,0.126065173236655,0.190887091929936
4.24539547782405,0.430605257317448,0.111388075937824,0.19177198576415
4.25168495260601,0.398778778207243,0.116102040489997,0.195115982211063
4.25797442738797,0.429877710052408,0.120746768119963,0.189448503458538
4.26426390216993,0.418868403039317,0.132695528274297,0.193569440804135
4.27055337695189,0.417831203237094,0.121282332115503,0.196118870484135
4.27684285173385,0.400855939791714,0.123893391650742,0.194774634830859
4.28313232651581,0.418722526358603,0.119513497379522,0.193616134025668
4.28942180129777,0.394601480205716,0.113755020067085,0.199149464830218
4.29571127607974,0.392540369280704,0.112403291901105,0.194996311781167
4.3020007508617,0.40382157254393,0.138644263619868,0.196522678746737
4.30829022564366,0.35885281041955,0.137131787177971,0.202382368443609
4.31457970042562,0.380811817877289,0.122008181721916,0.197041037004292
4.32086917520758,0.372713784020464,0.124749544458683,0.196200623687855
4.32715864998954,0.357702900749631,0.119489444366332,0.195257307682258
4.33344812477151,0.34601603910941,0.127470289156987,0.201780441888619
4.33973759955347,0.349694840428761,0.128059069972619,0.196820022486679
4.34602707433543,0.360801138741536,0.133659782481154,0.194781390989851
4.35231654911739,0.364842469611721,0.120974015568123,0.19846704814825
4.35860602389935,0.34760005719767,0.137340780154529,0.204101079034786
4.36489549868131,0.346458685063216,0.125918536707981,0.196477521522612
4.37118497346328,0.356912340272043,0.101918230535341,0.200724225471365
4.37747444824524,0.339672997171877,0.130826875691312,0.197067490736152
4.3837639230272,0.325223688360455,0.125336341125167,0.202754958691061
4.39005339780916,0.307193436297343,0.130692813265017,0.203034992229459
4.39634287259112,0.309220466745338,0.12311182423391,0.203956838330389
4.40263234737308,0.326756846186841,0.114342505092115,0.201360240710678
4.40892182215505,0.294328790067258,0.119279022294204,0.204918344595189
4.41521129693701,0.306616619822385,0.138243768279907,0.203037653207623
4.42150077171897,0.28346982468623,0.12889944464801,0.206038830133579
4.42779024650093,0.299245256418589,0.122188770847875,0.204690675707531
4.43407972128289,0.273570826015186,0.129865070281628,0.206625524269473
4.44036919606485,0.288385866282946,0.125105595155909,0.205532565718357
4.44665867084681,0.267060515647384,0.106959443359104,0.210752804544929
4.45294814562878,0.25099564710632,0.120027319369238,0.209856087738561
4.45923762041074,0.247791360176603,0.12262027898669,0.208692262130486
4.4655270951927,0.251752082489856,0.136029685461737,0.208225507301079
4.47181656997466,0.229405133024379,0.13373154066499,0.210145496338599
4.47810604475662,0.251638135956815,0.131911529508231,0.20818060507135
4.48439551953858,0.237327568978559,0.125135638885333,0.210832873412207
4.49068499432054,0.252403844329224,0.149928126642803,0.210739098337408
4.49697446910251,0.230860878940955,0.128381582417132,0.210309579020833
4.50326394388447,0.231364967466288,0.114503179851592,0.208400970895786
4.50955341866643,0.196714113314481,0.140218312313472,0.209293448512333
4.51584289344839,0.201706258923076,0.135306747307681,0.211648922698619
4.52213236823035,0.194502294862204,0.136138750999545,0.21530883666474
4.52842184301231,0.204139513434902,0.137419361817514,0.212146796980395
4.53471131779428,0.213159051567697,0.136468866779059,0.210117355876257
4.54100079257624,0.205614889354306,0.125771519225362,0.208987470047611
4.5472902673582,0.170916911763167,0.134378056229776,0.212107345876861
4.55357974214016,0.177611164611826,0.138513070271475,0.210480946623378
4.55986921692212,0.173451300500049,0.14051204400103,0.211335703265246
4.56615869170408,0.18757920984511,0.133595196101278,0.212319106989754
4.57244816648605,0.155324172612895,0.135341850589041,0.213028220765048
4.57873764126801,0.166736515384835,0.134599047035786,0.214173594422331
4.58502711604997,0.154745287345514,0.121144811548121,0.212948143569303
4.59131659083193,0.132966770440022,0.139805623721764,0.216047777196676
4.59760606561389,0.124249648418813,0.141854051484634,0.217204010745263
4.60389554039585,0.12810849930715,0.119633939362296,0.212642235823935
4.61018501517781,0.116575328542519,0.142167311531809,0.215477460471138
4.61647448995978,0.110455005254534,0.125686431869052,0.215947683750512
4.62276396474174,0.120821523252007,0.146181203653323,0.215410132077551
4.6290534395237,0.108682977565009,0.140213719085184,0.216608261723508
4.63534291430566,0.134566715313757,0.137589220647267,0.215803130601272
4.64163238908762,0.116821896211616,0.126459813291251,0.215017050868119
4.64792186386958,0.0779529661384232,0.128860843000576,0.218175702734117
4.65421133865155,0.0713141005623141,0.131648921169116,0.218632257015567
4.66050081343351,0.0718960474797259,0.129697292856892,0.216022886973106
4.66679028821547,0.0812487474238849,0.132289190199338,0.214088802114044
4.67307976299743,0.0751347964589667,0.141020991715163,0.215634808066932
4.67936923777939,0.077851417185913,0.139171494792488,0.219399913274851
4.68565871256135,0.0407419498660633,0.128959292559257,0.21649104214326
4.69194818734332,0.0660084839291728,0.102085384296012,0.217929111450736
4.69823766212528,0.0760230494747135,0.123326123733179,0.214738923811438
4.70452713690724,0.0480153739900612,0.134768015519793,0.217092753809595
4.7108166116892,0.0367149815465378,0.126220642618538,0.215640809032777
4.71710608647116,0.0124852744227955,0.145861443586681,0.212586432500695
4.72339556125312,0.050440610354527,0.132125727265768,0.215539275720224
4.72968503603508,0.0419019756703239,0.13873353170104,0.217423536034635
4.73597451081705,0.00563298050819093,0.15146707436319,0.217229949391681
4.74226398559901,0.00703162660837961,0.125316925960671,0.21445960194423
4.74855346038097,0.00432881015484579,0.147620112604958,0.214467471138942
4.75484293516293,-0.00603424042723455,0.12779744282196,0.217875524390786
4.76113240994489,0.00139253986094455,0.133396651110132,0.217502580574384
4.76742188472685,0.0183919664596581,0.132312431784579,0.215280365532822
4.77371135950882,-0.00719429665705991,0.154583423120778,0.217668525234589
4.78000083429078,-0.0143624380203763,0.141216247165921,0.215137580156029
4.78629030907274,-0.0361620586728628,0.140190780984601,0.217950139942777
4.7925797838547,-0.0245404767174395,0.130471569342407,0.214992257570848
4.79886925863666,-0.027555213799036,0.139227546275989,0.214960507824688
4.80515873341862,-0.0423494868071517,0.121212951102281,0.214827426769972
4.81144820820058,-0.0772977575756804,0.132615140468982,0.215717121862245
4.81773768298255,-0.0432788749994492,0.148323522802716,0.213999422014528
4.82402715776451,-0.0723397454321272,0.143736572519463,0.215883897825813
4.83031663254647,-0.0554739086610042,0.141954620479444,0.215823325609124
4.83660610732843,-0.0629472418022094,0.122260901375636,0.218331087338095
4.84289558211039,-0.059437907032863,0.121419170041695,0.21314953622899
4.84918505689235,-0.0774951267446897,0.146538980228102,0.213260586792386
4.85547453167431,-0.0934057509939101,0.127192764490577,0.211339436178342
4.86176400645628,-0.103576668240633,0.132918221014774,0.215914611106201
4.86805348123824,-0.0987916095953245,0.146624148935261,0.212345169758554
4.8743429560202,-0.0883625274853835,0.131740976819569,0.212035453735136
4.88063243080216,-0.113746103941312,0.143932009178394,0.212038027173966
4.88692190558412,-0.0914974931473539,0.133044492531984,0.21100584705001
4.89321138036608,-0.115343460090008,0.136183018500691,0.209147655141729
4.89950085514805,-0.104739851417687,0.12735739754251,0.213047836832941
4.90579032993001,-0.138712679401298,0.158002233427808,0.213697015016692
4.91207980471197,-0.12913647662873,0.126774757714074,0.211993997193757
4.91836927949393,-0.121266805347237,0.127073693107419,0.212532424587084
4.92465875427589,-0.162240281080755,0.123520416926612,0.210726016619149
4.93094822905785,-0.160419406784059,0.131899522258507,0.214732300703639
4.93723770383982,-0.161178393659371,0.13791842875528,0.208861664726479
4.94352717862178,-0.136664227461686,0.129811356519931,0.214986533726936
4.94981665340374,-0.170407527400644,0.131301684279614,0.210371573561963
4.9561061281857,-0.166871594659916,0.142056120065177,0.212233656248371
4.96239560296766,-0.172286626399586,0.132025668083495,0.21244000923453
4.96868507774962,-0.166937808133348,0.128919423955476,0.209689826223441
4.97497455253158,-0.194662479885208,0.133550271406987,0.208779779411296
4.98126402731355,-0.179647899028218,0.142857983589193,0.209564277492172
4.98755350209551,-0.194217838843461,0.125393571659093,0.20922334913048
4.99384297687747,-0.188044388758949,0.138294078918054,0.209083907478465
5.00013245165943,-0.205929076897836,0.131159482311587,0.208519003155548
5.00642192644139,-0.187241214183597,0.14642736081933,0.209750640128392
5.01271140122335,-0.227182564075553,0.131206298465317,0.209390542902547
5.01900087600531,-0.239455932279634,0.12185212774952,0.209815239543701
5.02529035078728,-0.244714484789507,0.140782467903484,0.204470214910661
5.03157982556924,-0.238463144265163,0.134925123056947,0.207193986160895
5.0378693003512,-0.222410852441236,0.131850400436665,0.209960250492511
5.04415877513316,-0.247642134722683,0.129579628697188,0.20752016566094
5.05044824991512,-0.24729877559843,0.12734900893477,0.203233902730535
5.05673772469708,-0.272064060577669,0.133326623994792,0.204970157794496
5.06302719947905,-0.266208722137953,0.132822348437965,0.206518256996587
5.06931667426101,-0.278913847190016,0.128070933669859,0.204066615832298
5.07560614904297,-0.269974381197116,0.145737179898388,0.206540202131997
5.08189562382493,-0.26516913780979,0.151136527792998,0.20589053480739
5.08818509860689,-0.27354092237538,0.140969886400443,0.200329609405281
5.09447457338885,-0.293892091217798,0.123469859562598,0.198611492989809
5.10076404817082,-0.286566990662327,0.135593730075184,0.2030275940267
5.10705352295278,-0.265759662082553,0.14478244622818,0.204217496726607
5.11334299773474,-0.290642382414207,0.122969585255142,0.201163244456985
5.1196324725167,-0.285583593418286,0.123627207193674,0.199461145822562
5.12592194729866,-0.30486190518643,0.131165116495386,0.199920974969962
5.13221142208062,-0.285546909876114,0.13389398465016,0.200555680076559
5.13850089686258,-0.306801231376196,0.127998962198211,0.201600922889562
5.14479037164455,-0.316820737168576,0.147430201593911,0.197690656137258
5.15107984642651,-0.316139970601958,0.125390790471156,0.198837686979255
5.15736932120847,-0.340721371095611,0.131470195451431,0.197224846729795
5.16365879599043,-0.334773522778935,0.128164436666659,0.197707530524605
5.16994827077239,-0.349698372631736,0.118537407092682,0.198136988715894
5.17623774555435,-0.357174029378639,0.109712755669319,0.193342713079705
5.18252722033631,-0.359121007802686,0.13168128011996,0.191715158257564
5.18881669511828,-0.344147340151549,0.137865887236028,0.194356762071789
5.19510616990024,-0.35449930195804,0.140347371820073,0.194495079385377
5.2013956446822,-0.352527702057467,0.133502907496312,0.193775225238184
5.20768511946416,-0.38749688658486,0.111904344467872,0.189692786914331
5.21397459424612,-0.395453571936871,0.123314988747875,0.192531628417902
5.22026406902808,-0.387987036824772,0.127437715460428,0.190869196371196
5.22655354381005,-0.393557547323719,0.128584941496569,0.190575614111011
5.23284301859201,-0.377894094606032,0.142106205498643,0.189909296234864
5.23913249337397,-0.40894157898734,0.132214618832685,0.188145025043198
5.24542196815593,-0.403213663321229,0.137800344850651,0.18733288592448
5.25171144293789,-0.419182561152855,0.119482649808116,0.187986765751091
5.25800091771985,-0.405131306072695,0.114773333345234,0.184756634189023
5.26429039250182,-0.433956084584224,0.130632385006289,0.184511100583679
5.27057986728378,-0.419883400761603,0.118829696969754,0.18678584876678
5.27686934206574,-0.41614766462817,0.119285169048297,0.18796791377267
5.2831588168477,-0.426057358167646,0.119312766400262,0.18262441798834
5.28944829162966,-0.439052179932316,0.119333131414941,0.180935486798612
5.29573776641162,-0.431997686362022,0.117847606420833,0.183654157100032
5.30202724119358,-0.441746811160384,0.127746397392309,0.186869912411596
5.30831671597555,-0.465009005185773,0.123621215695446,0.181032221406289
5.31460619075751,-0.457623333411925,0.132461622820609,0.183191397292083
5.32089566553947,-0.4735290314189,0.119446392281515,0.18124428840157
5.32718514032143,-0.457703315073093,0.126766503263273,0.181561539804741
5.33347461510339,-0.478093794289498,0.10690682334271,0.17756583215522
5.33976408988535,-0.466378028908957,0.113123877102511,0.178613735498595
5.34605356466732,-0.488121019215701,0.120586728980588,0.17531792366322
5.35234303944928,-0.493056168800589,0.119115534996619,0.176077117578466
5.35863251423124,-0.471023031141192,0.127945940934132,0.174939688725682
5.3649219890132,-0.49885012630443,0.130657142221527,0.175017816844467
5.37121146379516,-0.470274635811564,0.121720555272065,0.176409438707499
5.37750093857712,-0.480673978299701,0.112967927513232,0.180634037330755
5.38379041335909,-0.521437890843482,0.117252909350523,0.172923908623369
5.39007988814105,-0.517328621603364,0.102766659182209,0.173347401524836
5.39636936292301,-0.507094727658712,0.117289826321785,0.171728276661964
5.40265883770497,-0.5191358279088,0.118175971138685,0.164703594963525
5.40894831248693,-0.52492496925161,0.111485784502624,0.173544320000994
5.41523778726889,-0.518273928804256,0.117595949196965,0.171391675807105
5.42152726205085,-0.527473022741361,0.112413267291175,0.165602551365114
5.42781673683282,-0.528517523181812,0.118449769812201,0.169066705404216
5.43410621161478,-0.524509112738905,0.108646743259707,0.166407568181963
5.44039568639674,-0.534996501828215,0.129602048523108,0.166318331726531
5.4466851611787,-0.550384722441207,0.125630226693072,0.167574878171364
5.45297463596066,-0.5507515703543,0.121355979616293,0.166452954795735
5.45926411074262,-0.561306906458128,0.104908525349789,0.161268008783593
5.46555358552459,-0.548652112860572,0.118021399696535,0.16303421858495
5.47184306030655,-0.535979732795113,0.1191715663402,0.162195491334078
5.47813253508851,-0.562210913446083,0.119240874613538,0.160250686691185
5.48442200987047,-0.537634197755638,0.112412258354286,0.162339676273136
5.49071148465243,-0.558983057349331,0.108700014831191,0.161065235217315
5.49700095943439,-0.578177768293459,0.118845970455004,0.158150339772625
5.50329043421635,-0.583476461290151,0.112737635115833,0.158793566209147
5.50957990899832,-0.570827559525617,0.119095620368259,0.156768861250103
5.51586938378028,-0.576311664697738,0.117923638547652,0.156940721231247
5.52215885856224,-0.61663963208105,0.0911798728807399,0.150645651911972
5.5284483333442,-0.610897219610687,0.100804432101894,0.150057210344559
5.53473780812616,-0.605537009194045,0.108745928449841,0.151824415141864
5.54102728290812,-0.596661068816411,0.115814213899496,0.152684577021066
5.54731675769009,-0.599744364376428,0.114825872093716,0.149043968514266
5.55360623247205,-0.623274946014214,0.105471782515879,0.14710385071569
5.55989570725401,-0.615502492929989,0.0989983748871194,0.149885477462897
5.56618518203597,-0.618729660208717,0.116094454944857,0.146387368424338
5.57247465681793,-0.618795637130997,0.0921347000708478,0.150169064974138
5.57876413159989,-0.612708093486098,0.108168086421517,0.146978406958679
5.58505360638185,-0.636484627320672,0.0994793550795616,0.146703237237518
5.59134308116382,-0.646331912258096,0.108146156321414,0.137164243666398
5.59763255594578,-0.654049928849408,0.107824179730789,0.138204610292921
5.60392203072774,-0.638947156352477,0.110413652269817,0.144180253914159
5.6102115055097,-0.648930548586535,0.109433667228274,0.138576525990048
5.61650098029166,-0.645674376933074,0.100976999069546,0.143917847237848
5.62279045507362,-0.659511575080957,0.100712761341016,0.136200080552591
5.62907992985559,-0.639391311494167,0.0993977528424595,0.139490816288708
5.63536940463755,-0.667711750805645,0.104346451227021,0.135107076196351
5.64165887941951,-0.678069583998409,0.0892119867187495,0.135352872989391
5.64794835420147,-0.676255279360507,0.103855359813463,0.135090700133721
5.65423782898343,-0.647868070348803,0.104099674031723,0.13756338721839
5.66052730376539,-0.663073568395835,0.104443728791103,0.137167926703286
5.66681677854735,-0.674667049355555,0.105752710387937,0.133680085275687
5.67310625332932,-0.682921148188744,0.0978376357990528,0.131513345461162
5.67939572811128,-0.674317857601212,0.102940640554262,0.128103836723011
5.68568520289324,-0.69088935966182,0.104184953533183,0.127630470953584
5.6919746776752,-0.673777488121429,0.104259754942768,0.128997778965913
5.69826415245716,-0.678917281824684,0.104306619923596,0.130423080432418
5.70455362723912,-0.68652982902147,0.11326914390086,0.129098062948054
5.71084310202109,-0.693646594737782,0.10352404492069,0.121583957688213
5.71713257680305,-0.70372652636269,0.0965298063859685,0.122035133000997
5.72342205158501,-0.704792337027056,0.101440029773186,0.121775399418435
5.72971152636697,-0.696945864025811,0.11635268209313,0.124009294135015
5.73600100114893,-0.694401356059388,0.0879661217623877,0.121610486008298
5.74229047593089,-0.698541894623794,0.0897749080355494,0.121489906700665
5.74857995071285,-0.716107051043746,0.0997819478071105,0.113808694602388
5.75486942549482,-0.720466950054068,0.0989560121237214,0.114426310869281
5.76115890027678,-0.719191803714751,0.0882131708199893,0.116649421852635
5.76744837505874,-0.7287987559504,0.0857756173292804,0.118018161852023
5.7737378498407,-0.725798332403183,0.0835257940500542,0.11523267934325
5.78002732462266,-0.721492537265996,0.0953472954417569,0.112851392476171
5.78631679940462,-0.722708556984997,0.0871302714683145,0.107905259461357
5.79260627418659,-0.720038735117893,0.0950545628511868,0.113723905126175
5.79889574896855,-0.736528619089511,0.0868712120923674,0.107262168864901
5.80518522375051,-0.723417912159838,0.10603400021098,0.113635164165003
5.81147469853247,-0.7478685561359,0.0927933432846572,0.10662558586169
5.81776417331443,-0.731195798699922,0.0837220268176959,0.108330981992087
5.82405364809639,-0.754369342644766,0.0832862120543945,0.104869950027728
5.83034312287835,-0.744559438997629,0.0854867532529975,0.107400925491007
5.83663259766032,-0.750725275891447,0.100128430635231,0.09988668071269
5.84292207244228,-0.75667959605833,0.0801738608594676,0.10385454457286
5.84921154722424,-0.769804863088524,0.0950491990744432,0.100067359708021
5.8555010220062,-0.770475639802274,0.0959325445668749,0.0963949513129604
5.86179049678816,-0.766037678404326,0.0916399694023947,0.101476360560597
5.86807997157012,-0.773288892174219,0.0958476792899473,0.0948828111545195
5.87436944635209,-0.772465561453579,0.0850977469522488,0.0989745997445388
5.88065892113405,-0.745161526707385,0.0948028341982114,0.0988645472160115
5.88694839591601,-0.773966133823738,0.087374215850606,0.0938084581377999
5.89323787069797,-0.761497846895894,0.0869185629336714,0.09713266420852
5.89952734547993,-0.768408151919963,0.0881924209021677,0.0938231841146685
5.90581682026189,-0.769478349148742,0.105556613337713,0.0902124749477329
5.91210629504385,-0.779391677502269,0.0861726770933992,0.0898614701747681
5.91839576982582,-0.776901442165512,0.0901079598785409,0.0900751366818238
5.92468524460778,-0.791959220282996,0.0818057262812022,0.0852378605303536
5.93097471938974,-0.760948605617095,0.0800151382880901,0.0931233016051912
5.9372641941717,-0.795409057593604,0.0880555068778263,0.0865730376274888
5.94355366895366,-0.791449937810735,0.0938966033617957,0.0803619162513028
5.94984314373562,-0.781984801643583,0.0869413360810594,0.0834444501805051
5.95613261851759,-0.796540025197975,0.0922675189678432,0.0839166620426152
5.96242209329955,-0.778963731530455,0.0882798754729352,0.0848914255803075
5.96871156808151,-0.783240770905267,0.0859781855635827,0.0816760301445303
5.97500104286347,-0.801829177460649,0.0677116820379545,0.0803405459363158
5.98129051764543,-0.791814537728615,0.0808353622460202,0.080352436531198
5.98757999242739,-0.810958377863807,0.0642958592772024,0.0814484684150418
5.99386946720936,-0.78120026707798,0.0919471600133573,0.0778074126487387
6.00015894199132,-0.803505912927231,0.0794926406032343,0.0794641157642683
6.00644841677328,-0.808259572328854,0.0719490392705592,0.0775212564164195
6.01273789155524,-0.798313689886995,0.0858245186953048,0.0743859408430816
6.0190273663372,-0.813136172101636,0.0785271535199295,0.0768445446267583
6.02531684111916,-0.81221058905062,0.0865379390430567,0.0747186458237284
6.03160631590112,-0.805918122845366,0.0857798897017844,0.0727683814388015
6.03789579068309,-0.81081175670492,0.074298976543381,0.0737798179799984
6.04418526546505,-0.816078445873823,0.0755784382676006,0.0704074989463466
6.05047474024701,-0.812758161866995,0.0671130659773891,0.0685869809533655
6.05676421502897,-0.81990571374783,0.0614954589020525,0.0691598234029895
6.06305368981093,-0.810176211408469,0.0811986894727408,0.0665475085487825
6.06934316459289,-0.811463208629331,0.0931425583871056,0.0664600346032312
6.07563263937485,-0.82727804497772,0.0612694837233648,0.0636532787474552
6.08192211415682,-0.818989609615184,0.0731457957522667,0.0664142124809748
6.08821158893878,-0.803210753546099,0.0898313075593328,0.0659534735213588
6.09450106372074,-0.811905403723852,0.0737597601989461,0.0648989764027671
6.1007905385027,-0.827570072389434,0.0809769969374145,0.0624512393214667
6.10708001328466,-0.834465603091969,0.082200643400882,0.0595908359198087
6.11336948806662,-0.823090435583645,0.0952867184507067,0.0632319933270288
6.11965896284859,-0.846806344156183,0.0760365251661111,0.0621042563477284
6.12594843763055,-0.82883099741985,0.0835653215159127,0.0600875623932718
6.13223791241251,-0.83042079031684,0.0876692492619651,0.060347384853183
6.13852738719447,-0.825105569882374,0.0733199875333378,0.0569948770864343
6.14481686197643,-0.84204055947029,0.0674348668673618,0.0560970648980701
6.15110633675839,-0.835282509627257,0.0760673496541405,0.0548628568367805
6.15739581154036,-0.824960025135732,0.102173691051476,0.0548500994644324
6.16368528632232,-0.842296889673628,0.0765972108816447,0.0563409332054408
6.16997476110428,-0.847678453409964,0.0641374174596169,0.0546589469528049
6.17626423588624,-0.823357819150852,0.0852328428645275,0.0579691226783555
6.1825537106682,-0.842387883748528,0.0912221999071885,0.0507377638890989
6.18884318545016,-0.842107238916152,0.0764152536872555,0.0565912971952138
6.19513266023212,-0.840786894564567,0.0771020053789171,0.0538688258994971
6.20142213501409,-0.830013949389264,0.0842906834548045,0.051838347283415
6.20771160979605,-0.843779315713395,0.0782650536898674,0.0499381603216994
6.21400108457801,-0.834500730892238,0.0790547828557024,0.0513660914868959
6.22029055935997,-0.831202506270356,0.0794874530711937,0.048634612830432
6.22658003414193,-0.835556266951216,0.0799679332387531,0.0520754273890217
6.23286950892389,-0.836612265782543,0.0758534192903222,0.0499625393967052
6.23915898370586,-0.839497300312104,0.0831704925021821,0.0494657622547222
6.24544845848782,-0.836594727359682,0.0771584561023664,0.049501627798678
6.25173793326978,-0.843833701838974,0.0726587100867267,0.0510684322425347
6.25802740805174,-0.845412808832281,0.0723662047014645,0.0502042276984454
6.2643168828337,-0.839872564768759,0.0817053236596351,0.0495864549744985
6.27060635761566,-0.844790183957957,0.0571524084935575,0.0476628970081016
6.27689583239763,-0.854858619499826,0.0712861990684387,0.047159338318744
6.28318530717959,-0.848262553604897,0.0603144294539303,0.0456620711686082
